timestamps,open,high,low,close,volume,signal
2024-01-01T00:00:00Z,100.0,100.4927,99.73,100.3703,1053,0
2024-01-02T00:00:00Z,100.3703,100.6606,100.1284,100.4638,1184,0
2024-01-03T00:00:00Z,100.4638,100.6142,99.7048,100.0352,1086,0
2024-01-04T00:00:00Z,100.0352,100.2927,99.3758,99.6907,1493,1
2024-01-05T00:00:00Z,99.6907,100.5361,99.4757,100.3498,1312,0
2024-01-06T00:00:00Z,100.3498,100.6323,99.622,99.9082,1489,0
2024-01-07T00:00:00Z,99.9082,100.0862,99.3442,99.6265,1369,1
2024-01-08T00:00:00Z,99.6265,99.6328,98.7243,99.0343,1020,0
2024-01-09T00:00:00Z,99.0343,99.3843,98.8138,99.2867,1257,0
2024-01-10T00:00:00Z,99.2867,99.3592,98.8865,99.1426,1358,1
2024-01-11T00:00:00Z,99.1426,99.5279,98.4855,98.8153,1195,0
2024-01-12T00:00:00Z,98.8153,99.3294,98.5751,99.2795,1274,0
2024-01-13T00:00:00Z,99.2795,100.0966,99.1219,99.736,1416,0
2024-01-14T00:00:00Z,99.736,100.0386,99.5864,100.0321,1054,0
2024-01-15T00:00:00Z,100.0321,100.3611,99.9722,100.2127,1401,0
2024-01-16T00:00:00Z,100.2127,100.247,99.337,99.4153,1449,1
2024-01-17T00:00:00Z,99.4153,99.7675,99.2657,99.5728,1049,0
2024-01-18T00:00:00Z,99.5728,99.6956,99.3896,99.5397,1061,0
2024-01-19T00:00:00Z,99.5397,100.8044,99.3668,100.4861,1282,0
2024-01-20T00:00:00Z,100.4861,100.8721,99.5204,99.5839,1174,1
2024-01-21T00:00:00Z,99.5839,100.4274,99.2525,100.139,1091,0
2024-01-22T00:00:00Z,100.139,100.6177,99.7419,100.5966,1015,0
2024-01-23T00:00:00Z,100.5966,100.9968,99.7031,99.9737,1019,0
2024-01-24T00:00:00Z,99.9737,100.2294,99.4538,99.5167,1454,1
2024-01-25T00:00:00Z,99.5167,99.86,99.2565,99.4547,1081,0
2024-01-26T00:00:00Z,99.4547,100.0746,99.1378,100.0731,1146,0
2024-01-27T00:00:00Z,100.0731,100.1604,99.2136,99.3924,1121,1
2024-01-28T00:00:00Z,99.3924,100.2172,99.2804,99.9318,1104,0
2024-01-29T00:00:00Z,99.9318,100.5769,99.5798,100.3361,1107,0
2024-01-30T00:00:00Z,100.3361,100.56,99.2671,99.6608,1215,0
2024-01-31T00:00:00Z,99.6608,99.6849,99.3642,99.4778,1362,1
2024-02-01T00:00:00Z,99.4778,99.6178,98.8171,98.985,1189,0
2024-02-02T00:00:00Z,98.985,99.9795,98.7354,99.6159,1238,0
2024-02-03T00:00:00Z,99.6159,100.0643,99.3175,99.8153,1450,0
2024-02-04T00:00:00Z,99.8153,99.9556,99.664,99.6838,1218,1
2024-02-05T00:00:00Z,99.6838,99.7522,99.3914,99.6524,1460,0
2024-02-06T00:00:00Z,99.6524,100.6707,99.285,100.2898,1466,0
2024-02-07T00:00:00Z,100.2898,100.8722,100.0369,100.6717,1485,0
2024-02-08T00:00:00Z,100.6717,100.6832,99.7119,99.8386,1305,1
2024-02-09T00:00:00Z,99.8386,100.2458,99.6,100.1986,1292,0
2024-02-10T00:00:00Z,100.1986,101.0533,99.8683,100.6889,1140,0
2024-02-11T00:00:00Z,100.6889,100.9877,99.5849,99.9537,1295,0
2024-02-12T00:00:00Z,99.9537,100.833,99.6551,100.8283,1314,0
2024-02-13T00:00:00Z,100.8283,101.7155,100.5045,101.5788,1122,0
2024-02-14T00:00:00Z,101.5788,101.9418,100.3791,100.6526,1405,1
2024-02-15T00:00:00Z,100.6526,100.6749,99.916,99.928,1137,0
2024-02-16T00:00:00Z,99.928,100.2806,99.7458,100.2492,1455,0
2024-02-17T00:00:00Z,100.2492,100.2693,99.7678,99.8175,1385,1
2024-02-18T00:00:00Z,99.8175,101.0606,99.628,100.7287,1141,0
2024-02-19T00:00:00Z,100.7287,101.3806,100.3866,101.3191,1485,0
2024-02-20T00:00:00Z,101.3191,101.6182,100.9624,101.1229,1385,0
2024-02-21T00:00:00Z,101.1229,101.7253,101.0849,101.5501,1453,0
2024-02-22T00:00:00Z,101.5501,102.4381,101.4607,102.3254,1396,0
2024-02-23T00:00:00Z,102.3254,102.5844,102.1394,102.1966,1469,1
2024-02-24T00:00:00Z,102.1966,102.2407,101.209,101.5053,1155,0
2024-02-25T00:00:00Z,101.5053,102.4904,101.3856,102.2938,1073,0
2024-02-26T00:00:00Z,102.2938,102.9735,102.1624,102.8206,1330,0
2024-02-27T00:00:00Z,102.8206,103.176,101.5184,101.8869,1310,1
2024-02-28T00:00:00Z,101.8869,102.208,101.1092,101.1901,1140,0
2024-02-29T00:00:00Z,101.1901,102.3075,100.8909,101.9415,1302,0
2024-03-01T00:00:00Z,101.9415,102.2096,101.4161,101.8051,1146,1
2024-03-02T00:00:00Z,101.8051,102.3551,101.4964,102.0081,1263,0
2024-03-03T00:00:00Z,102.0081,102.3077,101.2157,101.4228,1482,0
2024-03-04T00:00:00Z,101.4228,101.812,101.1387,101.2367,1448,1
2024-03-05T00:00:00Z,101.2367,101.6297,100.1365,100.3156,1030,0
2024-03-06T00:00:00Z,100.3156,100.3596,100.1096,100.233,1046,1
2024-03-07T00:00:00Z,100.233,100.2881,99.1984,99.4767,1024,0
2024-03-08T00:00:00Z,99.4767,99.6337,98.7956,99.1107,1003,1
2024-03-09T00:00:00Z,99.1107,99.2378,98.6441,98.897,1093,0
2024-03-10T00:00:00Z,98.897,99.5898,98.6891,99.3718,1286,0
2024-03-11T00:00:00Z,99.3718,99.4884,98.2398,98.4422,1248,1
2024-03-12T00:00:00Z,98.4422,99.2423,98.0708,99.1406,1084,0
2024-03-13T00:00:00Z,99.1406,99.4423,98.655,98.7641,1300,0
2024-03-14T00:00:00Z,98.7641,99.2743,98.7155,99.1406,1450,0
2024-03-15T00:00:00Z,99.1406,99.9509,98.8298,99.7586,1215,0
2024-03-16T00:00:00Z,99.7586,100.0783,98.903,98.9661,1371,1
2024-03-17T00:00:00Z,98.9661,99.0709,97.9239,98.0693,1413,0
2024-03-18T00:00:00Z,98.0693,98.3772,96.8532,97.2139,1288,1
2024-03-19T00:00:00Z,97.2139,97.5402,96.7686,97.0788,1498,0
2024-03-20T00:00:00Z,97.0788,97.2185,96.6677,96.7527,1042,1
2024-03-21T00:00:00Z,96.7527,97.252,96.5275,97.0186,1429,0
2024-03-22T00:00:00Z,97.0186,97.1018,96.9073,97.0068,1266,0
2024-03-23T00:00:00Z,97.0068,97.098,96.4187,96.6829,1126,1
2024-03-24T00:00:00Z,96.6829,96.766,96.2337,96.456,1210,0
2024-03-25T00:00:00Z,96.456,96.5365,95.8022,96.0294,1015,1
2024-03-26T00:00:00Z,96.0294,97.0654,95.9168,96.7415,1005,0
2024-03-27T00:00:00Z,96.7415,97.4036,96.4439,97.347,1013,0
2024-03-28T00:00:00Z,97.347,97.5321,96.164,96.4479,1364,0
2024-03-29T00:00:00Z,96.4479,96.8712,96.2639,96.8441,1446,0
2024-03-30T00:00:00Z,96.8441,97.5052,96.6661,97.261,1221,0
2024-03-31T00:00:00Z,97.261,97.467,96.6668,97.0445,1405,1
2024-04-01T00:00:00Z,97.0445,97.4139,96.6067,96.8515,1304,0
2024-04-02T00:00:00Z,96.8515,97.2026,96.8176,96.9742,1043,0
2024-04-03T00:00:00Z,96.9742,97.1569,96.666,97.079,1157,0
2024-04-04T00:00:00Z,97.079,97.3522,96.3885,96.4544,1307,1
2024-04-05T00:00:00Z,96.4544,96.4658,96.0008,96.001,1080,0
2024-04-06T00:00:00Z,96.001,96.7296,95.8401,96.5505,1110,0
2024-04-07T00:00:00Z,96.5505,96.8141,96.0288,96.1542,1026,1
2024-04-08T00:00:00Z,96.1542,96.2375,95.5012,95.7202,1432,0
2024-04-09T00:00:00Z,95.7202,95.9296,95.4212,95.7108,1425,1
2024-04-10T00:00:00Z,95.7108,96.8267,95.3324,96.6095,1373,0
2024-04-11T00:00:00Z,96.6095,97.0327,96.4363,96.8043,1447,0
2024-04-12T00:00:00Z,96.8043,97.0848,96.0302,96.0667,1129,0
2024-04-13T00:00:00Z,96.0667,96.3228,95.73,95.8705,1201,1
2024-04-14T00:00:00Z,95.8705,96.6493,95.79,96.3419,1416,0
2024-04-15T00:00:00Z,96.3419,96.6127,95.7788,95.8919,1379,0
2024-04-16T00:00:00Z,95.8919,96.954,95.6071,96.6193,1326,0
2024-04-17T00:00:00Z,96.6193,96.9106,95.7576,95.8437,1327,1
2024-04-18T00:00:00Z,95.8437,95.8447,94.8998,95.1922,1119,0
2024-04-19T00:00:00Z,95.1922,95.7251,95.1486,95.3669,1063,0
2024-04-20T00:00:00Z,95.3669,96.033,94.9947,95.9802,1463,0
2024-04-21T00:00:00Z,95.9802,96.8754,95.9692,96.7789,1225,0
2024-04-22T00:00:00Z,96.7789,97.0908,95.5151,95.8966,1095,1
2024-04-23T00:00:00Z,95.8966,96.4802,95.6484,96.3912,1459,0
2024-04-24T00:00:00Z,96.3912,97.0482,96.3562,96.7513,1435,0
2024-04-25T00:00:00Z,96.7513,97.4223,96.6918,97.2105,1249,0
2024-04-26T00:00:00Z,97.2105,97.4066,96.906,97.0002,1127,0
2024-04-27T00:00:00Z,97.0002,97.1552,96.2295,96.4213,1179,1
2024-04-28T00:00:00Z,96.4213,96.6493,95.3578,95.5839,1025,0
2024-04-29T00:00:00Z,95.5839,95.9123,95.3682,95.3787,1132,1
2024-04-30T00:00:00Z,95.3787,96.1867,95.2787,95.8259,1109,0
2024-05-01T00:00:00Z,95.8259,96.7772,95.6307,96.7661,1431,0
2024-05-02T00:00:00Z,96.7661,97.6568,96.5468,97.2958,1344,0
2024-05-03T00:00:00Z,97.2958,97.3391,96.1881,96.3832,1415,0
2024-05-04T00:00:00Z,96.3832,96.5583,96.1618,96.4121,1478,0
2024-05-05T00:00:00Z,96.4121,96.544,95.7756,95.8307,1452,1
2024-05-06T00:00:00Z,95.8307,96.004,95.2805,95.3047,1268,0
2024-05-07T00:00:00Z,95.3047,95.6085,95.1998,95.2939,1389,1
2024-05-08T00:00:00Z,95.2939,95.4371,94.9031,95.2252,1156,0
2024-05-09T00:00:00Z,95.2252,95.2543,94.4831,94.8057,1445,1
2024-05-10T00:00:00Z,94.8057,95.4228,94.6298,95.3948,1374,0
2024-05-11T00:00:00Z,95.3948,96.0942,95.3618,95.7636,1033,0
2024-05-12T00:00:00Z,95.7636,96.9254,95.6616,96.6708,1487,0
2024-05-13T00:00:00Z,96.6708,96.8088,96.3916,96.5637,1022,0
2024-05-14T00:00:00Z,96.5637,96.875,95.7866,96.1163,1379,1
2024-05-15T00:00:00Z,96.1163,97.2682,95.9573,97.0422,1446,0
2024-05-16T00:00:00Z,97.0422,97.4301,96.6337,96.9912,1170,0
2024-05-17T00:00:00Z,96.9912,97.2134,95.9015,96.0876,1135,1
2024-05-18T00:00:00Z,96.0876,96.3371,95.0864,95.2463,1077,0
2024-05-19T00:00:00Z,95.2463,95.4699,95.0388,95.3065,1294,0
2024-05-20T00:00:00Z,95.3065,95.9243,95.2425,95.8892,1203,0
2024-05-21T00:00:00Z,95.8892,96.7453,95.6446,96.648,1017,0
2024-05-22T00:00:00Z,96.648,97.3198,96.3451,97.142,1277,0
2024-05-23T00:00:00Z,97.142,97.9193,97.1036,97.5476,1237,0
2024-05-24T00:00:00Z,97.5476,97.9043,97.5438,97.7395,1317,0
2024-05-25T00:00:00Z,97.7395,98.6091,97.7132,98.2414,1118,0
2024-05-26T00:00:00Z,98.2414,98.5635,97.8551,98.0181,1241,1
2024-05-27T00:00:00Z,98.0181,98.2753,97.7681,97.9143,1376,0
2024-05-28T00:00:00Z,97.9143,98.2514,97.7298,98.1937,1412,0
2024-05-29T00:00:00Z,98.1937,98.4139,97.8798,98.3926,1045,0
2024-05-30T00:00:00Z,98.3926,99.4343,98.0016,99.0658,1119,0
2024-05-31T00:00:00Z,99.0658,99.6547,98.7816,99.3109,1182,0
2024-06-01T00:00:00Z,99.3109,99.6963,98.4619,98.8471,1498,1
2024-06-02T00:00:00Z,98.8471,99.164,97.906,97.9453,1497,0
2024-06-03T00:00:00Z,97.9453,98.1281,97.1235,97.4262,1389,1
2024-06-04T00:00:00Z,97.4262,97.6641,96.9448,97.2985,1439,0
2024-06-05T00:00:00Z,97.2985,97.7119,97.0215,97.707,1131,0
2024-06-06T00:00:00Z,97.707,98.111,97.3738,98.1072,1203,0
2024-06-07T00:00:00Z,98.1072,98.2896,97.2844,97.6693,1294,1
2024-06-08T00:00:00Z,97.6693,98.388,97.4631,98.1933,1182,0
